"HITId","HITTypeId","Title","Description","Keywords","Reward","CreationTime","MaxAssignments","RequesterAnnotation","AssignmentDurationInSeconds","AutoApprovalDelayInSeconds","Expiration","NumberOfSimilarHITs","LifetimeInSeconds","AssignmentId","WorkerId","AssignmentStatus","AcceptTime","SubmitTime","AutoApprovalTime","ApprovalTime","RejectionTime","RequesterFeedback","WorkTimeInSeconds","LifetimeApprovalRate","Last30DaysApprovalRate","Last7DaysApprovalRate","Input.nums","Answer.nums","Answer.surveycode","Approve","Reject"
"3M93N4X8HKUMOB9M5WVAZW75O7VJSK","3U5YKSQWQDDDS6O3RNR9923PRUYBLG","A quick game - one time only","A quick game - one time only","game, simple","$0.30","Sun May 02 14:10:20 PDT 2021","5","BatchId:4428210;OriginalHitTemplateId:920937340;","3600","259200","Sun May 09 14:10:20 PDT 2021","","","392CY0QWG2YAEZKZNFJUDC8MMSUI4T","A1CT5YVQ1CKUV6","Approved","Sun May 02 14:15:50 PDT 2021","Sun May 02 14:20:04 PDT 2021","Wed May 05 14:20:04 PDT 2021","Sun May 02 23:29:31 PDT 2021","","","254","100% (1/1)","0% (0/0)","0% (0/0)","1","1","MZiw26IlmLv667R0DwHido"
"3M93N4X8HKUMOB9M5WVAZW75O7VJSK","3U5YKSQWQDDDS6O3RNR9923PRUYBLG","A quick game - one time only","A quick game - one time only","game, simple","$0.30","Sun May 02 14:10:20 PDT 2021","5","BatchId:4428210;OriginalHitTemplateId:920937340;","3600","259200","Sun May 09 14:10:20 PDT 2021","","","3CN4LGXD5YVW4ZZ4RX5XZ02ACBT4YM","ACXP8KHFX06KR","Approved","Sun May 02 14:26:26 PDT 2021","Sun May 02 14:27:18 PDT 2021","Wed May 05 14:27:18 PDT 2021","Sun May 02 23:29:31 PDT 2021","","","52","100% (3/3)","100% (2/2)","100% (1/1)","1","1","MZiyUuKhwFpnaMbqTE5ido"
"3M93N4X8HKUMOB9M5WVAZW75O7VJSK","3U5YKSQWQDDDS6O3RNR9923PRUYBLG","A quick game - one time only","A quick game - one time only","game, simple","$0.30","Sun May 02 14:10:20 PDT 2021","5","BatchId:4428210;OriginalHitTemplateId:920937340;","3600","259200","Sun May 09 14:10:20 PDT 2021","","","3DBQWDE4Y75KOJZQY0FWNCAH8NJN5J","AMUKX1DM4ASA7","Approved","Sun May 02 14:15:44 PDT 2021","Sun May 02 14:17:08 PDT 2021","Wed May 05 14:17:08 PDT 2021","Sun May 02 23:29:31 PDT 2021","","","84","100% (1/1)","0% (0/0)","0% (0/0)","1","1","MZiw-pTI1_vqM6YkPkzido"
"3M93N4X8HKUMOB9M5WVAZW75O7VJSK","3U5YKSQWQDDDS6O3RNR9923PRUYBLG","A quick game - one time only","A quick game - one time only","game, simple","$0.30","Sun May 02 14:10:20 PDT 2021","5","BatchId:4428210;OriginalHitTemplateId:920937340;","3600","259200","Sun May 09 14:10:20 PDT 2021","","","3L70J4KAZHT88DKU42SAZIE9MXJADV","AA3E99SK8MRIB","Approved","Sun May 02 14:26:38 PDT 2021","Sun May 02 14:28:21 PDT 2021","Wed May 05 14:28:21 PDT 2021","Sun May 02 23:29:32 PDT 2021","","","103","100% (1/1)","0% (0/0)","0% (0/0)","1","1","MZiyaZfyCDGoVtAhxHCido"
"3M93N4X8HKUMOB9M5WVAZW75O7VJSK","3U5YKSQWQDDDS6O3RNR9923PRUYBLG","A quick game - one time only","A quick game - one time only","game, simple","$0.30","Sun May 02 14:10:20 PDT 2021","5","BatchId:4428210;OriginalHitTemplateId:920937340;","3600","259200","Sun May 09 14:10:20 PDT 2021","","","3OWEPKL08AJZBND9MTUTLWODZTF7NJ","A29CNQYJWMJ7G9","Approved","Sun May 02 14:26:06 PDT 2021","Sun May 02 14:29:50 PDT 2021","Wed May 05 14:29:50 PDT 2021","Sun May 02 23:29:32 PDT 2021","","","224","100% (1/1)","0% (0/0)","0% (0/0)","1","1","MZiyMFnfV-37yG2KjkSido"
"3I4E7AFQ2K6N3BM1UW00913RQQ9JT9","3U5YKSQWQDDDS6O3RNR9923PRUYBLG","A quick game - one time only","A quick game - one time only","game, simple","$0.30","Sun May 02 14:10:20 PDT 2021","5","BatchId:4428210;OriginalHitTemplateId:920937340;","3600","259200","Sun May 09 14:10:20 PDT 2021","","","3E7TUJ2EGDTU3UAPCWEA3N3PGF19DF","A1KFHUDQAOGWKG","Approved","Sun May 02 14:24:09 PDT 2021","Sun May 02 14:25:41 PDT 2021","Wed May 05 14:25:41 PDT 2021","Sun May 02 23:29:32 PDT 2021","","","92","100% (1/1)","0% (0/0)","0% (0/0)","2","2","MZixvlIySv9bLE1qSxzido"
"3I4E7AFQ2K6N3BM1UW00913RQQ9JT9","3U5YKSQWQDDDS6O3RNR9923PRUYBLG","A quick game - one time only","A quick game - one time only","game, simple","$0.30","Sun May 02 14:10:20 PDT 2021","5","BatchId:4428210;OriginalHitTemplateId:920937340;","3600","259200","Sun May 09 14:10:20 PDT 2021","","","3K5TEWLKGWI98C3E7BKHM28ZZCVIV9","AXAIIT5OR8AJ3","Approved","Sun May 02 15:17:52 PDT 2021","Sun May 02 15:20:42 PDT 2021","Wed May 05 15:20:42 PDT 2021","Sun May 02 23:29:32 PDT 2021","","","170","100% (1/1)","0% (0/0)","0% (0/0)","2","2","MZj9IqoiqXvW2JHstPRido"
"3I4E7AFQ2K6N3BM1UW00913RQQ9JT9","3U5YKSQWQDDDS6O3RNR9923PRUYBLG","A quick game - one time only","A quick game - one time only","game, simple","$0.30","Sun May 02 14:10:20 PDT 2021","5","BatchId:4428210;OriginalHitTemplateId:920937340;","3600","259200","Sun May 09 14:10:20 PDT 2021","","","3M81GAB8A1Q7GWTRF2YQUS5ENUSBQV","A1QKW8E5J7NAF2","Approved","Sun May 02 14:10:40 PDT 2021","Sun May 02 14:14:23 PDT 2021","Wed May 05 14:14:23 PDT 2021","Sun May 02 23:29:32 PDT 2021","","","223","100% (2/2)","100% (1/1)","100% (1/1)","2","2","MZiuqxVUqKJO3JWCgA6ido"
"3I4E7AFQ2K6N3BM1UW00913RQQ9JT9","3U5YKSQWQDDDS6O3RNR9923PRUYBLG","A quick game - one time only","A quick game - one time only","game, simple","$0.30","Sun May 02 14:10:20 PDT 2021","5","BatchId:4428210;OriginalHitTemplateId:920937340;","3600","259200","Sun May 09 14:10:20 PDT 2021","","","3P529IW9KZSM2GPUSZCQWWX5SMXLFY","A1G5PO0BLQPBJ7","Approved","Sun May 02 14:19:24 PDT 2021","Sun May 02 14:21:06 PDT 2021","Wed May 05 14:21:06 PDT 2021","Sun May 02 23:29:32 PDT 2021","","","102","100% (1/1)","0% (0/0)","0% (0/0)","2","2","MZiwp4re5-wuYtSAsYnido"
"3I4E7AFQ2K6N3BM1UW00913RQQ9JT9","3U5YKSQWQDDDS6O3RNR9923PRUYBLG","A quick game - one time only","A quick game - one time only","game, simple","$0.30","Sun May 02 14:10:20 PDT 2021","5","BatchId:4428210;OriginalHitTemplateId:920937340;","3600","259200","Sun May 09 14:10:20 PDT 2021","","","3VNL7UK1XGQALTXZ18EHIN7MMZJTF9","A1ATL3G98SFW4V","Approved","Sun May 02 14:20:14 PDT 2021","Sun May 02 14:21:15 PDT 2021","Wed May 05 14:21:15 PDT 2021","Sun May 02 23:29:32 PDT 2021","","","61","100% (1/1)","0% (0/0)","0% (0/0)","2","2","MZix-dkAZWgdKjV9TQtido"
"3CKVGCS3PGCFM580JOL4HRS9PYPS0M","3U5YKSQWQDDDS6O3RNR9923PRUYBLG","A quick game - one time only","A quick game - one time only","game, simple","$0.30","Sun May 02 14:10:20 PDT 2021","5","BatchId:4428210;OriginalHitTemplateId:920937340;","3600","259200","Sun May 09 14:10:20 PDT 2021","","","37U1UTWH9WTOQZAKP53G8GPIBAA8RV","ALOYY3E72AQ1K","Approved","Sun May 02 14:22:08 PDT 2021","Sun May 02 14:23:07 PDT 2021","Wed May 05 14:23:07 PDT 2021","Sun May 02 23:29:33 PDT 2021","","","59","100% (1/1)","0% (0/0)","0% (0/0)","3","3","MZixSELrGvy1X9ZJ5fkido"
"3CKVGCS3PGCFM580JOL4HRS9PYPS0M","3U5YKSQWQDDDS6O3RNR9923PRUYBLG","A quick game - one time only","A quick game - one time only","game, simple","$0.30","Sun May 02 14:10:20 PDT 2021","5","BatchId:4428210;OriginalHitTemplateId:920937340;","3600","259200","Sun May 09 14:10:20 PDT 2021","","","37Z929RLGAFJPY2L7SEGPMQ1BPDTSS","A2NZAL7KHOR6VF","Approved","Sun May 02 14:21:27 PDT 2021","Sun May 02 14:23:49 PDT 2021","Wed May 05 14:23:49 PDT 2021","Sun May 02 23:29:33 PDT 2021","","","142","100% (1/1)","0% (0/0)","0% (0/0)","3","3","MZixI50Lhz0wlo1vd6bido"
"3CKVGCS3PGCFM580JOL4HRS9PYPS0M","3U5YKSQWQDDDS6O3RNR9923PRUYBLG","A quick game - one time only","A quick game - one time only","game, simple","$0.30","Sun May 02 14:10:20 PDT 2021","5","BatchId:4428210;OriginalHitTemplateId:920937340;","3600","259200","Sun May 09 14:10:20 PDT 2021","","","3L6L49WXW14Y2BPKGV00O34HH6P456","A1E3Y8DJR2EQOC","Approved","Sun May 02 14:23:03 PDT 2021","Sun May 02 14:50:24 PDT 2021","Wed May 05 14:50:24 PDT 2021","Sun May 02 23:29:33 PDT 2021","","","1641","100% (1/1)","0% (0/0)","0% (0/0)","3","3","MZj2hYKBJPnGvdpMGM0ido"
"3CKVGCS3PGCFM580JOL4HRS9PYPS0M","3U5YKSQWQDDDS6O3RNR9923PRUYBLG","A quick game - one time only","A quick game - one time only","game, simple","$0.30","Sun May 02 14:10:20 PDT 2021","5","BatchId:4428210;OriginalHitTemplateId:920937340;","3600","259200","Sun May 09 14:10:20 PDT 2021","","","3TDXMTX3CC1OTMOD63C9AAS0IJ06I2","A3MD34XEB4H6JF","Approved","Sun May 02 14:10:41 PDT 2021","Sun May 02 14:14:07 PDT 2021","Wed May 05 14:14:07 PDT 2021","Sun May 02 23:29:33 PDT 2021","","","206","100% (1/1)","0% (0/0)","0% (0/0)","3","3","MZiutmkItPQz3WRFIASido"
"3CKVGCS3PGCFM580JOL4HRS9PYPS0M","3U5YKSQWQDDDS6O3RNR9923PRUYBLG","A quick game - one time only","A quick game - one time only","game, simple","$0.30","Sun May 02 14:10:20 PDT 2021","5","BatchId:4428210;OriginalHitTemplateId:920937340;","3600","259200","Sun May 09 14:10:20 PDT 2021","","","3W2LOLRXLCM8L0CLYU0JYLY96A3RKW","A3OLRWACCCCUTU","Approved","Sun May 02 14:23:22 PDT 2021","Sun May 02 14:24:11 PDT 2021","Wed May 05 14:24:11 PDT 2021","Sun May 02 23:29:33 PDT 2021","","","49","100% (1/1)","0% (0/0)","0% (0/0)","3","3","MZixjWNaf5OzTXNI7Y4ido"
"3B6F54KMR2JFTUTIF7P4VWBJUQVS1P","3U5YKSQWQDDDS6O3RNR9923PRUYBLG","A quick game - one time only","A quick game - one time only","game, simple","$0.30","Sun May 02 14:10:20 PDT 2021","5","BatchId:4428210;OriginalHitTemplateId:920937340;","3600","259200","Sun May 09 14:10:20 PDT 2021","","","338JKRMM276PKTPWQYB0Q3T7EPBAH3","A1IL81UMEC9OJI","Approved","Sun May 02 14:14:04 PDT 2021","Sun May 02 14:16:25 PDT 2021","Wed May 05 14:16:25 PDT 2021","Sun May 02 23:29:33 PDT 2021","","","141","100% (1/1)","0% (0/0)","0% (0/0)","4","4","MZivd-Py7N3MTct9fPmido"
"3B6F54KMR2JFTUTIF7P4VWBJUQVS1P","3U5YKSQWQDDDS6O3RNR9923PRUYBLG","A quick game - one time only","A quick game - one time only","game, simple","$0.30","Sun May 02 14:10:20 PDT 2021","5","BatchId:4428210;OriginalHitTemplateId:920937340;","3600","259200","Sun May 09 14:10:20 PDT 2021","","","39GHHAVOMGY69A455X4UPDNMZ7K4JS","A2MCRVU8I9VNHG","Approved","Sun May 02 14:25:09 PDT 2021","Sun May 02 14:27:19 PDT 2021","Wed May 05 14:27:19 PDT 2021","Sun May 02 23:29:33 PDT 2021","","","130","100% (1/1)","0% (0/0)","0% (0/0)","4","4","MZiy8gsTOGaUIDxrrgNido"
"3B6F54KMR2JFTUTIF7P4VWBJUQVS1P","3U5YKSQWQDDDS6O3RNR9923PRUYBLG","A quick game - one time only","A quick game - one time only","game, simple","$0.30","Sun May 02 14:10:20 PDT 2021","5","BatchId:4428210;OriginalHitTemplateId:920937340;","3600","259200","Sun May 09 14:10:20 PDT 2021","","","3LEIZ60CDK6X6VFL4E37UFMS4XA9ZD","A1TYDVHEFPZC86","Approved","Sun May 02 14:12:55 PDT 2021","Sun May 02 15:02:11 PDT 2021","Wed May 05 15:02:11 PDT 2021","Sun May 02 23:29:34 PDT 2021","","","2956","100% (1/1)","0% (0/0)","0% (0/0)","4","4","MZj55Ev79aO0EAwzM9Uido"
"3B6F54KMR2JFTUTIF7P4VWBJUQVS1P","3U5YKSQWQDDDS6O3RNR9923PRUYBLG","A quick game - one time only","A quick game - one time only","game, simple","$0.30","Sun May 02 14:10:20 PDT 2021","5","BatchId:4428210;OriginalHitTemplateId:920937340;","3600","259200","Sun May 09 14:10:20 PDT 2021","","","3OXV7EAXLFX93J6UL05M64QBZ14360","A3GTPW3MYSLMR7","Approved","Sun May 02 14:19:47 PDT 2021","Sun May 02 14:22:53 PDT 2021","Wed May 05 14:22:53 PDT 2021","Sun May 02 23:29:34 PDT 2021","","","186","100% (1/1)","0% (0/0)","0% (0/0)","4","4","MZixMx1ZIbo3fNntsxTido"
"3B6F54KMR2JFTUTIF7P4VWBJUQVS1P","3U5YKSQWQDDDS6O3RNR9923PRUYBLG","A quick game - one time only","A quick game - one time only","game, simple","$0.30","Sun May 02 14:10:20 PDT 2021","5","BatchId:4428210;OriginalHitTemplateId:920937340;","3600","259200","Sun May 09 14:10:20 PDT 2021","","","3TY7ZAOG5GRKL6SM4HH4EPXMXK3K0Q","A2LEY4X3LD8G26","Approved","Sun May 02 14:13:19 PDT 2021","Sun May 02 14:14:09 PDT 2021","Wed May 05 14:14:09 PDT 2021","Sun May 02 23:29:34 PDT 2021","","","50","100% (1/1)","0% (0/0)","0% (0/0)","4","4","MZivQdZBHgVAC5ZQAiYido"
"3X52SWXE0XCSNEKPF9OP9HXV40IWCY","3U5YKSQWQDDDS6O3RNR9923PRUYBLG","A quick game - one time only","A quick game - one time only","game, simple","$0.30","Sun May 02 14:10:20 PDT 2021","5","BatchId:4428210;OriginalHitTemplateId:920937340;","3600","259200","Sun May 09 14:10:20 PDT 2021","","","33NF62TLXK9RNCT8QPRAWUCIWT9KJX","A5GYH8NB1ZA3","Approved","Sun May 02 14:15:01 PDT 2021","Sun May 02 14:17:49 PDT 2021","Wed May 05 14:17:49 PDT 2021","Sun May 02 23:29:34 PDT 2021","","","168","100% (1/1)","0% (0/0)","0% (0/0)","5","5","MZivs26x6-gA9UNj94cido"
"3X52SWXE0XCSNEKPF9OP9HXV40IWCY","3U5YKSQWQDDDS6O3RNR9923PRUYBLG","A quick game - one time only","A quick game - one time only","game, simple","$0.30","Sun May 02 14:10:20 PDT 2021","5","BatchId:4428210;OriginalHitTemplateId:920937340;","3600","259200","Sun May 09 14:10:20 PDT 2021","","","3HMVI3QICKZFC02L4FMV12V70RIY12","A3U0CSC7FMOQUN","Approved","Sun May 02 14:18:30 PDT 2021","Sun May 02 14:20:41 PDT 2021","Wed May 05 14:20:41 PDT 2021","Sun May 02 23:29:34 PDT 2021","","","131","100% (1/1)","0% (0/0)","0% (0/0)","5","5","MZiwf9-wiCAmbabQ1Gaido"
"3X52SWXE0XCSNEKPF9OP9HXV40IWCY","3U5YKSQWQDDDS6O3RNR9923PRUYBLG","A quick game - one time only","A quick game - one time only","game, simple","$0.30","Sun May 02 14:10:20 PDT 2021","5","BatchId:4428210;OriginalHitTemplateId:920937340;","3600","259200","Sun May 09 14:10:20 PDT 2021","","","3KIBXJ1WD615ONK562JF4QT4VNJOKK","A19TD2J8506A4Y","Approved","Sun May 02 14:21:31 PDT 2021","Sun May 02 14:24:39 PDT 2021","Wed May 05 14:24:39 PDT 2021","Sun May 02 23:29:34 PDT 2021","","","188","100% (1/1)","0% (0/0)","0% (0/0)","5","5","MZixMz2o_oIf3M70LPUido"
"3X52SWXE0XCSNEKPF9OP9HXV40IWCY","3U5YKSQWQDDDS6O3RNR9923PRUYBLG","A quick game - one time only","A quick game - one time only","game, simple","$0.30","Sun May 02 14:10:20 PDT 2021","5","BatchId:4428210;OriginalHitTemplateId:920937340;","3600","259200","Sun May 09 14:10:20 PDT 2021","","","3QJOXOW4XKYE2K7JX0TZERRUGQ8MEJ","A3DUPRZSMU9W5R","Approved","Sun May 02 14:21:29 PDT 2021","Sun May 02 14:22:45 PDT 2021","Wed May 05 14:22:45 PDT 2021","Sun May 02 23:29:34 PDT 2021","","","76","100% (1/1)","0% (0/0)","0% (0/0)","5","5","MZixH__Irv45ulv5lm8ido"
"3X52SWXE0XCSNEKPF9OP9HXV40IWCY","3U5YKSQWQDDDS6O3RNR9923PRUYBLG","A quick game - one time only","A quick game - one time only","game, simple","$0.30","Sun May 02 14:10:20 PDT 2021","5","BatchId:4428210;OriginalHitTemplateId:920937340;","3600","259200","Sun May 09 14:10:20 PDT 2021","","","3S3AMIZX3VCW1SHSOGO15D4XM0ACD5","A1E3N1Y6XG1898","Approved","Sun May 02 15:59:06 PDT 2021","Sun May 02 16:04:18 PDT 2021","Wed May 05 16:04:18 PDT 2021","Sun May 02 23:29:35 PDT 2021","","","312","100% (1/1)","0% (0/0)","0% (0/0)","5","5","MZjJAN58QB0S4683T6oido"
"3MQKOF1EE2V2S6Q3F5J0TNFDP0UWDY","3U5YKSQWQDDDS6O3RNR9923PRUYBLG","A quick game - one time only","A quick game - one time only","game, simple","$0.30","Sun May 02 14:10:20 PDT 2021","5","BatchId:4428210;OriginalHitTemplateId:920937340;","3600","259200","Sun May 09 14:10:20 PDT 2021","","","33FOTY3KENS29X1G8N464B3OX30C18","A2RXPKNWAN4692","Approved","Sun May 02 14:11:25 PDT 2021","Sun May 02 14:13:39 PDT 2021","Wed May 05 14:13:39 PDT 2021","Sun May 02 23:29:35 PDT 2021","","","134","100% (1/1)","0% (0/0)","0% (0/0)","6","6","MZiv1kJIsHX4iVVuJY8ido"
"3MQKOF1EE2V2S6Q3F5J0TNFDP0UWDY","3U5YKSQWQDDDS6O3RNR9923PRUYBLG","A quick game - one time only","A quick game - one time only","game, simple","$0.30","Sun May 02 14:10:20 PDT 2021","5","BatchId:4428210;OriginalHitTemplateId:920937340;","3600","259200","Sun May 09 14:10:20 PDT 2021","","","3R08VXYT7D2PYHMNEULGHF14S5M7WD","A240OTT1T85UGT","Approved","Sun May 02 15:17:32 PDT 2021","Sun May 02 15:32:49 PDT 2021","Wed May 05 15:32:49 PDT 2021","Sun May 02 23:29:35 PDT 2021","","","917","100% (1/1)","0% (0/0)","0% (0/0)","6","6","MZjCIu-JGJGnQs73IMeido"
"3MQKOF1EE2V2S6Q3F5J0TNFDP0UWDY","3U5YKSQWQDDDS6O3RNR9923PRUYBLG","A quick game - one time only","A quick game - one time only","game, simple","$0.30","Sun May 02 14:10:20 PDT 2021","5","BatchId:4428210;OriginalHitTemplateId:920937340;","3600","259200","Sun May 09 14:10:20 PDT 2021","","","3R6BYFZZP8JH2A6J6IFE7QSSZV6XFV","A37PUSY6CJ7TQ0","Approved","Sun May 02 14:12:33 PDT 2021","Sun May 02 14:14:24 PDT 2021","Wed May 05 14:14:24 PDT 2021","Sun May 02 23:29:35 PDT 2021","","","111","100% (1/1)","0% (0/0)","0% (0/0)","6","6","MZivGqS0gxcxAvhHA5Cido"
"3MQKOF1EE2V2S6Q3F5J0TNFDP0UWDY","3U5YKSQWQDDDS6O3RNR9923PRUYBLG","A quick game - one time only","A quick game - one time only","game, simple","$0.30","Sun May 02 14:10:20 PDT 2021","5","BatchId:4428210;OriginalHitTemplateId:920937340;","3600","259200","Sun May 09 14:10:20 PDT 2021","","","3VA45EW49OU3IMYJYSDXZBX5MHJO1H","A1BQI9JKLVCIL0","Approved","Sun May 02 14:18:17 PDT 2021","Sun May 02 14:23:15 PDT 2021","Wed May 05 14:23:15 PDT 2021","Sun May 02 23:29:35 PDT 2021","","","298","100% (2/2)","100% (1/1)","0% (0/0)","6","6","MZixQGxcfVlGNhGnujLido"
"3MQKOF1EE2V2S6Q3F5J0TNFDP0UWDY","3U5YKSQWQDDDS6O3RNR9923PRUYBLG","A quick game - one time only","A quick game - one time only","game, simple","$0.30","Sun May 02 14:10:20 PDT 2021","5","BatchId:4428210;OriginalHitTemplateId:920937340;","3600","259200","Sun May 09 14:10:20 PDT 2021","","","3WR9XG3T64IDPF334OFXMNID8CK47L","A13CAAOJ5GP4UQ","Approved","Sun May 02 14:23:04 PDT 2021","Sun May 02 14:24:38 PDT 2021","Wed May 05 14:24:38 PDT 2021","Sun May 02 23:29:35 PDT 2021","","","94","100% (1/1)","0% (0/0)","0% (0/0)","6","6","MZixWv9QmJmVTzohE0xido"
"378G7J1SJL57KC43B0UKZ5XYPCVWER","3U5YKSQWQDDDS6O3RNR9923PRUYBLG","A quick game - one time only","A quick game - one time only","game, simple","$0.30","Sun May 02 14:10:20 PDT 2021","5","BatchId:4428210;OriginalHitTemplateId:920937340;","3600","259200","Sun May 09 14:10:20 PDT 2021","","","30MVJZJNHNK76GAHMS0L6LY2LZY9JT","A146MSML39KY98","Approved","Sun May 02 14:24:45 PDT 2021","Sun May 02 14:27:07 PDT 2021","Wed May 05 14:27:07 PDT 2021","Sun May 02 23:29:35 PDT 2021","","","142","100% (1/1)","0% (0/0)","0% (0/0)","7","7","MZiy7p02qmggGFPkx35ido"
"378G7J1SJL57KC43B0UKZ5XYPCVWER","3U5YKSQWQDDDS6O3RNR9923PRUYBLG","A quick game - one time only","A quick game - one time only","game, simple","$0.30","Sun May 02 14:10:20 PDT 2021","5","BatchId:4428210;OriginalHitTemplateId:920937340;","3600","259200","Sun May 09 14:10:20 PDT 2021","","","3137ONMDKHCEAABXMXV41M7XK4WGE5","A24WQ0ZEGXHX6J","Approved","Sun May 02 14:18:44 PDT 2021","Sun May 02 14:19:58 PDT 2021","Wed May 05 14:19:58 PDT 2021","Sun May 02 23:29:35 PDT 2021","","","74","100% (1/1)","0% (0/0)","0% (0/0)","7","7","MZiwf3Ie3CvNjzayJcQido"
"378G7J1SJL57KC43B0UKZ5XYPCVWER","3U5YKSQWQDDDS6O3RNR9923PRUYBLG","A quick game - one time only","A quick game - one time only","game, simple","$0.30","Sun May 02 14:10:20 PDT 2021","5","BatchId:4428210;OriginalHitTemplateId:920937340;","3600","259200","Sun May 09 14:10:20 PDT 2021","","","3DH6GAKTYZWC7WNTCQVNTWFJD6UZYR","A1T4EW5OY521RU","Approved","Sun May 02 14:12:50 PDT 2021","Sun May 02 14:17:46 PDT 2021","Wed May 05 14:17:46 PDT 2021","Sun May 02 23:29:36 PDT 2021","","","296","100% (1/1)","0% (0/0)","0% (0/0)","7","7","MZivJ1qmUIuJOrPwVyeido"
"378G7J1SJL57KC43B0UKZ5XYPCVWER","3U5YKSQWQDDDS6O3RNR9923PRUYBLG","A quick game - one time only","A quick game - one time only","game, simple","$0.30","Sun May 02 14:10:20 PDT 2021","5","BatchId:4428210;OriginalHitTemplateId:920937340;","3600","259200","Sun May 09 14:10:20 PDT 2021","","","3ITXP059PXQPBV6GVY0CNG3SDNQSJQ","AFO7ZJO279E57","Approved","Sun May 02 15:18:44 PDT 2021","Sun May 02 15:20:23 PDT 2021","Wed May 05 15:20:23 PDT 2021","Sun May 02 23:29:36 PDT 2021","","","99","100% (1/1)","0% (0/0)","0% (0/0)","7","7","MZj9QsFKzqjSmi0lyc3ido"
"378G7J1SJL57KC43B0UKZ5XYPCVWER","3U5YKSQWQDDDS6O3RNR9923PRUYBLG","A quick game - one time only","A quick game - one time only","game, simple","$0.30","Sun May 02 14:10:20 PDT 2021","5","BatchId:4428210;OriginalHitTemplateId:920937340;","3600","259200","Sun May 09 14:10:20 PDT 2021","","","3VELCLL3GLQ9C9LQZPU7CHORUGSF1M","AWBMIJHITE6BB","Approved","Sun May 02 14:14:41 PDT 2021","Sun May 02 14:17:01 PDT 2021","Wed May 05 14:17:01 PDT 2021","Sun May 02 23:29:36 PDT 2021","","","140","100% (1/1)","0% (0/0)","0% (0/0)","7","7","MZivwjR8i-bGutxXhF_ido"
"3UZUVSO3P72BF0AP7YOXQ7V7RAHMEQ","3U5YKSQWQDDDS6O3RNR9923PRUYBLG","A quick game - one time only","A quick game - one time only","game, simple","$0.30","Sun May 02 14:10:20 PDT 2021","5","BatchId:4428210;OriginalHitTemplateId:920937340;","3600","259200","Sun May 09 14:10:20 PDT 2021","","","351SEKWQS1O9AETJ15IF8999GE7MDQ","A2O7LNRIBPIHAF","Approved","Sun May 02 14:21:34 PDT 2021","Sun May 02 14:25:01 PDT 2021","Wed May 05 14:25:01 PDT 2021","Sun May 02 23:29:36 PDT 2021","","","207","100% (1/1)","0% (0/0)","0% (0/0)","8","8","MZixLKeJVi0tlmsj8Bcido"
"3UZUVSO3P72BF0AP7YOXQ7V7RAHMEQ","3U5YKSQWQDDDS6O3RNR9923PRUYBLG","A quick game - one time only","A quick game - one time only","game, simple","$0.30","Sun May 02 14:10:20 PDT 2021","5","BatchId:4428210;OriginalHitTemplateId:920937340;","3600","259200","Sun May 09 14:10:20 PDT 2021","","","3BV8HQ2ZZX89N45FUFKWTC4H5BVA62","AA5ZDXAA2DLY1","Approved","Sun May 02 14:13:09 PDT 2021","Sun May 02 14:15:18 PDT 2021","Wed May 05 14:15:18 PDT 2021","Sun May 02 23:29:36 PDT 2021","","","129","100% (1/1)","0% (0/0)","0% (0/0)","8","8","MZivLv1mS-VOyRBZK-6ido"
"3UZUVSO3P72BF0AP7YOXQ7V7RAHMEQ","3U5YKSQWQDDDS6O3RNR9923PRUYBLG","A quick game - one time only","A quick game - one time only","game, simple","$0.30","Sun May 02 14:10:20 PDT 2021","5","BatchId:4428210;OriginalHitTemplateId:920937340;","3600","259200","Sun May 09 14:10:20 PDT 2021","","","3BXQMRHWK05VRG45N084I9DX2E1UM7","A27HVVLSZZ13XK","Approved","Sun May 02 14:10:59 PDT 2021","Sun May 02 14:13:39 PDT 2021","Wed May 05 14:13:39 PDT 2021","Sun May 02 23:29:36 PDT 2021","","","160","100% (1/1)","0% (0/0)","0% (0/0)","8","8","MZiuvXuio1WZeZNWx0Gido"
"3UZUVSO3P72BF0AP7YOXQ7V7RAHMEQ","3U5YKSQWQDDDS6O3RNR9923PRUYBLG","A quick game - one time only","A quick game - one time only","game, simple","$0.30","Sun May 02 14:10:20 PDT 2021","5","BatchId:4428210;OriginalHitTemplateId:920937340;","3600","259200","Sun May 09 14:10:20 PDT 2021","","","3E4GGUZ1T9YRHGV0J4LIXDQ1UIN2KS","AD1ILDUXZHASF","Approved","Sun May 02 14:13:04 PDT 2021","Sun May 02 14:14:01 PDT 2021","Wed May 05 14:14:01 PDT 2021","Sun May 02 23:29:36 PDT 2021","","","57","100% (4/4)","100% (2/2)","0% (0/0)","8","8","MZivNXLG6z0u8ovIBm4ido"
"3UZUVSO3P72BF0AP7YOXQ7V7RAHMEQ","3U5YKSQWQDDDS6O3RNR9923PRUYBLG","A quick game - one time only","A quick game - one time only","game, simple","$0.30","Sun May 02 14:10:20 PDT 2021","5","BatchId:4428210;OriginalHitTemplateId:920937340;","3600","259200","Sun May 09 14:10:20 PDT 2021","","","3JAOYWH7VJBD16YHPDCYM0BUPO29LU","A3LVDUYETYTVO0","Approved","Sun May 02 14:12:05 PDT 2021","Sun May 02 14:15:16 PDT 2021","Wed May 05 14:15:16 PDT 2021","Sun May 02 23:29:37 PDT 2021","","","191","100% (1/1)","0% (0/0)","0% (0/0)","8","8","MZivI2PP8BOYOPabUq9ido"
"356ZPKYPUHOF68OTZFSJEEHIERXYPD","3U5YKSQWQDDDS6O3RNR9923PRUYBLG","A quick game - one time only","A quick game - one time only","game, simple","$0.30","Sun May 02 14:10:20 PDT 2021","5","BatchId:4428210;OriginalHitTemplateId:920937340;","3600","259200","Sun May 09 14:10:20 PDT 2021","","","3EA3QWIZ4J2UVKZP2GK2LKKE2RBITP","A35NXCD0VE2I69","Approved","Sun May 02 14:17:51 PDT 2021","Sun May 02 14:21:12 PDT 2021","Wed May 05 14:21:12 PDT 2021","Sun May 02 23:29:37 PDT 2021","","","201","100% (1/1)","0% (0/0)","0% (0/0)","9","9","MZiwE5XMLlNcWtXFfw6ido"
"356ZPKYPUHOF68OTZFSJEEHIERXYPD","3U5YKSQWQDDDS6O3RNR9923PRUYBLG","A quick game - one time only","A quick game - one time only","game, simple","$0.30","Sun May 02 14:10:20 PDT 2021","5","BatchId:4428210;OriginalHitTemplateId:920937340;","3600","259200","Sun May 09 14:10:20 PDT 2021","","","3JV9LGBJWUL0M1OMGBY06Y1BO62GO9","A277UPR6JWGMWY","Approved","Sun May 02 14:19:41 PDT 2021","Sun May 02 14:21:37 PDT 2021","Wed May 05 14:21:37 PDT 2021","Sun May 02 23:29:37 PDT 2021","","","116","100% (1/1)","0% (0/0)","0% (0/0)","9","9","MZiwsw8inMQLOFzjhT5ido"
"356ZPKYPUHOF68OTZFSJEEHIERXYPD","3U5YKSQWQDDDS6O3RNR9923PRUYBLG","A quick game - one time only","A quick game - one time only","game, simple","$0.30","Sun May 02 14:10:20 PDT 2021","5","BatchId:4428210;OriginalHitTemplateId:920937340;","3600","259200","Sun May 09 14:10:20 PDT 2021","","","3L4D84MIL0Z0LMS0K4ODJ2WQ4C5HJQ","A2U45Y0OV3P7D8","Approved","Sun May 02 14:14:01 PDT 2021","Sun May 02 14:26:17 PDT 2021","Wed May 05 14:26:17 PDT 2021","Sun May 02 23:29:37 PDT 2021","","","736","100% (1/1)","0% (0/0)","0% (0/0)","9","9","MZixNfIVVaxqOZEFyfuido"
"356ZPKYPUHOF68OTZFSJEEHIERXYPD","3U5YKSQWQDDDS6O3RNR9923PRUYBLG","A quick game - one time only","A quick game - one time only","game, simple","$0.30","Sun May 02 14:10:20 PDT 2021","5","BatchId:4428210;OriginalHitTemplateId:920937340;","3600","259200","Sun May 09 14:10:20 PDT 2021","","","3Q5C1WP23N8HACS1TDHYQ5XE5ME51T","AJZEXCH1TSUE1","Approved","Sun May 02 14:12:48 PDT 2021","Sun May 02 14:14:00 PDT 2021","Wed May 05 14:14:00 PDT 2021","Sun May 02 23:29:37 PDT 2021","","","72","100% (1/1)","0% (0/0)","0% (0/0)","9","9","MZivLjCu2uBm1_KGi7dido"
"356ZPKYPUHOF68OTZFSJEEHIERXYPD","3U5YKSQWQDDDS6O3RNR9923PRUYBLG","A quick game - one time only","A quick game - one time only","game, simple","$0.30","Sun May 02 14:10:20 PDT 2021","5","BatchId:4428210;OriginalHitTemplateId:920937340;","3600","259200","Sun May 09 14:10:20 PDT 2021","","","3SB4CE2TJW2M6JPBV2TMTPH12FTXAI","A6JUD4NCQCDWG","Approved","Sun May 02 14:12:31 PDT 2021","Sun May 02 14:18:48 PDT 2021","Wed May 05 14:18:48 PDT 2021","Sun May 02 23:29:37 PDT 2021","","","377","100% (2/2)","100% (1/1)","0% (0/0)","9","9","MZiw9TEzc0ijCyPQiSJido"
"3DFYDSXB2W723O1QU1QAEXPT94GJU0","3U5YKSQWQDDDS6O3RNR9923PRUYBLG","A quick game - one time only","A quick game - one time only","game, simple","$0.30","Sun May 02 14:10:20 PDT 2021","5","BatchId:4428210;OriginalHitTemplateId:920937340;","3600","259200","Sun May 09 14:10:20 PDT 2021","","","32EYX73OY1GMOWHXS84L4877811RUT","AERUGBNS48Z4N","Approved","Sun May 02 14:24:31 PDT 2021","Sun May 02 14:25:58 PDT 2021","Wed May 05 14:25:58 PDT 2021","Sun May 02 23:29:37 PDT 2021","","","87","100% (1/1)","0% (0/0)","0% (0/0)","10","10","MZiyAwG6SDts5L1fLp9ido"
"3DFYDSXB2W723O1QU1QAEXPT94GJU0","3U5YKSQWQDDDS6O3RNR9923PRUYBLG","A quick game - one time only","A quick game - one time only","game, simple","$0.30","Sun May 02 14:10:20 PDT 2021","5","BatchId:4428210;OriginalHitTemplateId:920937340;","3600","259200","Sun May 09 14:10:20 PDT 2021","","","32Q90QCQ1TSJCW7GCOGJZEZQRLEEK7","ARR3UJTM2ZGK4","Approved","Sun May 02 14:25:50 PDT 2021","Sun May 02 14:27:57 PDT 2021","Wed May 05 14:27:57 PDT 2021","Sun May 02 23:29:38 PDT 2021","","","127","100% (1/1)","0% (0/0)","0% (0/0)","10","10","MZiyI7S0dRzVWFXQLQZido"
"3DFYDSXB2W723O1QU1QAEXPT94GJU0","3U5YKSQWQDDDS6O3RNR9923PRUYBLG","A quick game - one time only","A quick game - one time only","game, simple","$0.30","Sun May 02 14:10:20 PDT 2021","5","BatchId:4428210;OriginalHitTemplateId:920937340;","3600","259200","Sun May 09 14:10:20 PDT 2021","","","3U5JL4WY5LG74U9UM1JVGMV1A5YX48","A1KZ21TSAYUHO4","Approved","Sun May 02 14:24:48 PDT 2021","Sun May 02 14:27:02 PDT 2021","Wed May 05 14:27:02 PDT 2021","Sun May 02 23:29:38 PDT 2021","","","134","100% (1/1)","0% (0/0)","0% (0/0)","10","10","MZiy91wM_mxcUeDKs0Pido"
"3DFYDSXB2W723O1QU1QAEXPT94GJU0","3U5YKSQWQDDDS6O3RNR9923PRUYBLG","A quick game - one time only","A quick game - one time only","game, simple","$0.30","Sun May 02 14:10:20 PDT 2021","5","BatchId:4428210;OriginalHitTemplateId:920937340;","3600","259200","Sun May 09 14:10:20 PDT 2021","","","3WZ36BJEV4NK8CLJW6SLZXG171RBT9","A25EVN04BC2KJ6","Approved","Sun May 02 14:11:03 PDT 2021","Sun May 02 14:12:19 PDT 2021","Wed May 05 14:12:19 PDT 2021","Sun May 02 23:29:38 PDT 2021","","","76","100% (2/2)","0% (0/0)","0% (0/0)","10","10","MZiuuhJPwtsNZ--Y3LQido"
"3DFYDSXB2W723O1QU1QAEXPT94GJU0","3U5YKSQWQDDDS6O3RNR9923PRUYBLG","A quick game - one time only","A quick game - one time only","game, simple","$0.30","Sun May 02 14:10:20 PDT 2021","5","BatchId:4428210;OriginalHitTemplateId:920937340;","3600","259200","Sun May 09 14:10:20 PDT 2021","","","3ZWFC4W1UVEX5EK7XJ9MI864YEMRFU","A2A7O6KYJ9GS8A","Approved","Sun May 02 14:22:47 PDT 2021","Sun May 02 14:24:31 PDT 2021","Wed May 05 14:24:31 PDT 2021","Sun May 02 23:29:38 PDT 2021","","","104","100% (1/1)","0% (0/0)","0% (0/0)","10","10","MZixb8v-nKasu_UFX09ido"